month,expected_ftd,expected_cpa
2022-01-01,30,21
2022-02-01,23,13
2022-03-01,25,21
2022-04-01,48,38
2022-05-01,47,40
2022-06-01,58,51
2022-07-01,46,42
2022-08-01,33,25
2022-09-01,27,22
2022-10-01,47,46
2022-11-01,38,28
2022-12-01,57,50
2023-01-01,53,43
2023-02-01,39,39
2023-03-01,34,28
2023-04-01,58,58
2023-05-01,20,17
2023-06-01,39,36
2023-07-01,28,24
2023-08-01,38,33
2023-09-01,27,27
2023-10-01,51,45
2023-11-01,31,29
2023-12-01,44,36
